Animal_ID,Name,Habitat,Weight_kg,Height_cm,Lifespan_years,Is_Carnivore,Endangered,Speed_kmh,Population_Status,Continent
1,Leo,Savanna,112.67476559478507,244.15764499757813,94.28402409787978,0.0,0.0,22.297942476905742,Stable,North America
2,Tiger,Forest,285.2389347697699,269.866476977813,95.57714339224839,,,73.32503226549554,nan,nan
3,Elephant,Savanna,219.73218557251582,102.22100774184052,91.82698146116306,1.0,0.0,48.80244851256747,Declining,Europe
4,Giraffe,Savanna,179.79821601701246,41.91505811302626,39.535235224522665,1.0,0.0,116.54015574867937,Increasing,Europe
5,Zebra,Forest,47.22758281250974,,5.483835186771273,1.0,1.0,101.84367616060649,Stable,Africa
6,Lion,Savanna,47.22035884069269,133.86125870161433,93.11858200842164,,1.0,101.40780104178086,Stable,Asia
7,Monkey,Savanna,17.896041844375738,247.224282117523,45.105678238462175,,1.0,58.89971337642158,Increasing,Asia
8,Parrot,Forest,259.9197556595931,259.6118691443396,96.79886262819228,1.0,0.0,52.7042427688315,Declining,nan
9,Eagle,Savanna,180.53394601709104,12.016117854045305,96.50751780056828,,,36.44181327203122,Declining,Asia
10,Dolphin,Savanna,212.56773704991562,158.11671774749405,85.88890772486657,1.0,1.0,11.483182114856618,Declining,North America
11,Bear,Forest,6.665056041592833,131.0491909131459,32.26709363868022,1.0,1.0,104.44307326933112,nan,Asia
12,Panda,Savanna,290.9880007225173,74.41126503651178,40.969381945784825,0.0,0.0,98.48361604995893,Stable,nan
13,Penguin,Savanna,249.8165709197263,44.76095652676801,85.70912046561827,,1.0,119.96753242790501,Stable,Asia
14,Wolf,Forest,64.09556364814371,107.90839970705211,34.42451249500266,1.0,,119.61323626349912,Stable,North America
15,Fox,Savanna,54.956577678526635,283.44381413463054,20.27130368186488,1.0,,68.87464614430215,nan,Africa
16,Rabbit,Savanna,55.42965070110343,103.72885028601901,57.45292119600161,,1.0,93.4335527457587,Stable,nan
17,Deer,Forest,91.62055176638155,160.44928030557617,93.87085831943497,0.0,1.0,113.64805893647922,nan,Africa
18,Cheetah,Savanna,157.66455127385524,213.87549807960158,70.81886048079741,0.0,0.0,102.70944992790231,Declining,Africa
19,Rhino,Savanna,129.86753308331367,115.45258468999525,58.72587232857904,1.0,,33.44503170046773,Increasing,Africa
20,Hippo,Forest,87.72312748931355,291.8168039890786,13.32894340199378,,,56.812575560660754,Stable,Europe
21,Crocodile,Savanna,183.74994196935265,289.10971553321224,63.040693763120295,0.0,1.0,19.853332742421923,Stable,Europe
22,Turtle,Savanna,42.27841126528653,83.0168657893556,99.04516961000928,,0.0,114.71586813475307,Declining,Africa
23,Snake,Forest,87.99732223629783,154.2020667087918,17.448065462706307,,,74.7100829618512,Increasing,nan
24,Frog,Savanna,110.22537206646066,97.25470984686321,53.75964662691872,1.0,,31.293922632898212,nan,North America
25,Owl,Savanna,137.09296027300226,92.6037433694656,88.22781490508372,0.0,0.0,82.24557870667353,Increasing,North America
26,Peacock,Forest,235.66020043720758,20.69721473281451,75.11378730440363,1.0,0.0,76.08474765265802,Declining,Asia
27,Ostrich,Savanna,60.30229775642874,186.7736568541701,70.91351113554572,0.0,,46.188712573776655,Declining,nan
28,Camel,Savanna,154.51321430487667,155.77691673636983,71.43847206276249,0.0,,18.059123102957336,Increasing,Europe
29,Llama,Forest,177.9281633741817,24.928837862496913,38.511150517096496,0.0,0.0,82.23091749317196,nan,Africa
30,Alpaca,Savanna,14.41189860963932,90.80747462861731,32.18481704939136,0.0,,64.83538560393623,nan,Asia
31,Horse,Savanna,182.45968314448078,273.3971069303296,81.69867092593731,0.0,1.0,93.81661504959852,Stable,North America
32,Cow,Forest,51.571975044343816,79.47294829342201,81.77088588920135,,1.0,64.81880262787924,nan,Europe
33,Sheep,Savanna,19.982952099091214,52.01951290645469,87.23894258368995,1.0,0.0,103.00087253663212,Increasing,Europe
34,Goat,Savanna,284.6912184073733,151.94130048049328,91.67109304542124,,0.0,68.46928645906584,Declining,Africa
35,Pig,Forest,289.7067939058305,295.8386316920742,53.08887029065003,0.0,0.0,69.50786672656942,Stable,North America
36,Chicken,Savanna,242.6150057608801,80.19602873833512,52.14556428997116,1.0,1.0,105.81516430570967,Stable,nan
37,Duck,Savanna,91.73182386742452,,80.63633718081041,0.0,,51.40052961442566,Declining,Europe
38,Goose,Forest,29.75279814491197,230.8696884453281,66.39653735466545,1.0,1.0,20.411751271823682,nan,Africa
39,Swan,Savanna,205.427791440391,78.91488775779591,71.38882021673952,,,8.31000777603398,Declining,nan
40,Flamingo,Savanna,132.32567187501058,221.18274109743928,80.39609626586571,1.0,1.0,91.84078440246618,nan,North America
41,Penguin,Forest,37.05045133601126,116.65710848858343,89.44051281448637,1.0,,76.33559840564844,Declining,Europe
42,Koala,Savanna,148.80548457832543,193.36869087213805,36.44753505774744,1.0,1.0,85.96917333141072,Increasing,nan
43,Kangaroo,Savanna,10.79936207400791,193.72361612065947,40.05596345343463,1.0,0.0,29.490878573524736,nan,nan
44,Wombat,Forest,272.8414604225952,165.37465838167995,13.022266224723424,1.0,1.0,20.68271969247852,Increasing,nan
45,Emu,Savanna,78.00460448920506,36.18403331577841,59.5148935356327,0.0,,6.672636551806422,Stable,Europe
46,Kiwi,Savanna,198.9254241640176,252.23772372087902,7.45045828448724,1.0,1.0,45.31756926275865,Declining,Europe
47,Albatross,Forest,93.85746728877858,103.0262188418034,48.697409740716175,1.0,1.0,72.8405339882828,Stable,Asia
48,Puffin,Savanna,156.26037234275435,64.09036801595772,56.093884931927356,,1.0,50.10806518646922,Stable,North America
49,Seal,Savanna,164.23972866331226,21.824791050881537,31.507960204315303,1.0,0.0,55.30961603272884,Stable,Africa
50,Walrus,Forest,55.86390942989535,181.35895352459013,60.71999301462503,,1.0,108.97824986678107,Stable,nan
51,Otter,Savanna,290.8905960154853,206.4936649342619,6.928023994148745,0.0,0.0,45.04937870767954,Declining,Asia
52,Beaver,Savanna,232.6522805966538,14.810470389078283,7.585426119924584,1.0,0.0,64.10879125337824,Stable,Africa
53,Mole,Forest,281.87993299847466,158.5069869067915,82.96965382332719,,1.0,95.12009646523146,Declining,Asia
53,Mole,Forest,281.87993299847466,158.5069869067915,82.96965382332719,,1.0,95.12009646523146,Declining,Asia
54,Hedgehog,Savanna,268.5007914530808,75.683774807402,38.578301575481234,,1.0,50.602419966946066,Declining,Europe
55,Bat,Savanna,179.57104365392,197.10010921874047,16.19780921458094,0.0,1.0,76.53997052620545,Increasing,nan
56,Squirrel,Forest,276.6013333894235,60.56626441144752,54.13535296526122,1.0,,104.1718265058757,nan,Africa
57,Chipmunk,Savanna,27.00350436454989,210.37194404971513,77.91938109746664,1.0,1.0,114.19487172062884,nan,Africa
58,Porcupine,Savanna,59.19686729453399,122.15325042715585,24.718818639696945,,0.0,21.913450306839362,Declining,Africa
59,Raccoon,Forest,14.045573028706151,281.651696733653,63.79748567862403,1.0,1.0,111.55757689357186,Increasing,Africa
60,Skunk,Savanna,97.93643406359767,49.881073802338044,12.193356639401728,,,61.59337370414689,Declining,Africa
61,Badger,Savanna,116.90884826199986,108.90924180457496,8.961445232186339,1.0,1.0,34.69810465438021,Declining,Asia
62,Weasel,Forest,81.76903501628182,42.90732115977083,55.01004463054221,,,57.80061196740005,Declining,nan
63,Ferret,Savanna,248.70688399100283,278.1611493007832,55.90097167457023,1.0,,117.70374615782985,Increasing,Europe
64,Mink,Savanna,107.34762134472999,264.4284124804845,65.19327054382782,0.0,1.0,61.65108080918,nan,Europe
65,Lynx,Forest,84.63988565137053,84.80307203739513,73.70476803737552,1.0,0.0,42.80643518306344,Increasing,Europe
66,Cougar,Savanna,163.0374769058954,201.39537334991192,97.68179962840333,1.0,,77.84109824642346,Stable,Europe
67,Jaguar,Savanna,42.706805379941414,246.99443805835259,53.56483343691475,0.0,1.0,32.6167461594922,Increasing,Asia
68,Leopard,Forest,,171.00823536384408,35.00382140235961,1.0,1.0,13.72428273249635,Increasing,North America
68,Leopard,Forest,,171.00823536384408,35.00382140235961,1.0,1.0,13.72428273249635,Increasing,North America
69,Ocelot,Savanna,22.82791778209136,163.59866772324187,80.33787469779556,0.0,0.0,19.82116801972466,Increasing,nan
70,Serval,Savanna,296.0726375118549,80.13716436113098,29.999896121159125,1.0,,19.72527148014383,Increasing,Africa
71,Caracal,Forest,231.7873084043489,36.99980266371077,46.141256387741066,,,22.46880975391385,nan,North America
72,Cheetah,Savanna,60.01534661948464,270.19256980646475,,,1.0,20.965124854682166,Stable,Europe
73,Lion,Savanna,2.1538740785189185,271.12123657736583,6.433671367883921,1.0,1.0,78.70059565236969,nan,North America
74,Tiger,Forest,244.73069782222282,193.5994226092477,96.4142478090808,1.0,0.0,25.916209705901654,nan,nan
75,Leopard,Savanna,212.20377448236133,108.3186394041232,84.25409156917176,1.0,0.0,44.75173758224427,Increasing,Africa
76,Panther,Savanna,,111.27077663767166,70.813523784995,,,108.13066713919136,Declining,Africa
77,Hyena,Forest,231.49546883244074,220.52714687236943,43.25948266376991,1.0,,59.50558863023032,Declining,nan
78,Jackal,Savanna,22.676373194360064,270.1619753862474,20.636254726801194,,1.0,81.76913992991813,nan,nan
79,Coyote,Savanna,107.86048569900964,267.255063036884,19.01795609642426,0.0,,24.81678518818743,nan,Europe
80,Wild Dog,Forest,35.20278332777635,236.1639082987109,28.02331822380115,,0.0,27.113237162997137,Increasing,Africa
81,Anteater,Savanna,258.9994760497403,196.18917738474346,56.72575981178757,,0.0,9.699890870645069,nan,North America
82,Armadillo,Savanna,187.1777889848536,34.40058984856417,72.60120857920599,0.0,1.0,24.427532253298924,Increasing,Asia
83,Sloth,Forest,99.60395844336843,56.872327087437995,67.3789481649022,,0.0,37.03788898867524,Declining,Asia
83,Sloth,Forest,99.60395844336843,56.872327087437995,67.3789481649022,,0.0,37.03788898867524,Declining,Asia
84,Capybara,Savanna,19.53572591066408,270.580714672853,30.873654106810513,1.0,0.0,25.356205691825885,Declining,nan
85,Porcupine,Savanna,93.63920535384084,185.86442730128107,95.66706694366664,1.0,0.0,15.200791382061395,Stable,Europe
86,Guinea Pig,Forest,97.89240494701075,12.667144968822598,74.83810400279378,,0.0,18.873125176569093,Declining,Asia
87,Hamster,Savanna,219.0170504122502,39.42674743114931,57.21798904109447,1.0,1.0,57.98955832376346,nan,Africa
88,Mouse,Savanna,191.44846267088633,202.4155130413362,62.72519163849782,,1.0,28.728377616666137,Declining,nan
89,Rat,Forest,266.2202164016098,11.46785931540342,44.28160599306783,1.0,,46.89103402052868,Increasing,North America
90,Vole,Savanna,141.9283700860038,56.63433491107461,27.782174992111116,1.0,0.0,62.892986148308545,Declining,nan
91,Shrew,Savanna,36.31847665852136,169.13279891630998,38.17337715052111,,,84.395405292377,Stable,North America
92,Hedgehog,Forest,214.116813773287,210.64960733088105,,1.0,1.0,9.520896081726377,Declining,nan
93,Mole,Savanna,228.35512206076078,199.06876525575416,5.381774908456563,,1.0,96.9321958745399,Increasing,nan
94,Badger,Savanna,168.60252067206412,75.03809974356234,15.142973488663959,1.0,1.0,77.20854479145439,Increasing,nan
95,Otter,Forest,231.40467039639103,216.5319741907854,8.416253634088264,1.0,1.0,14.40228867412027,nan,North America
96,Wolverine,Savanna,148.39178111113503,78.80223537407203,7.909965022621133,0.0,1.0,105.46154177227938,Declining,North America
97,Honey Badger,Savanna,157.05848239990723,104.36591246618764,86.12421606505669,0.0,1.0,110.90032606115852,Increasing,nan
98,Ratel,Forest,128.5485349983856,226.482507484227,71.55115450048227,,1.0,12.023965383309331,Stable,Asia
99,Weasel,Savanna,8.113028459856508,198.39354072369224,49.52068759238322,0.0,0.0,36.84092953692843,nan,Europe
100,Ermine,Savanna,,256.2747890433116,13.392079422496142,,,97.71314717620206,Stable,Europe
101,Stoat,Forest,9.913041113176908,200.70773876709958,51.19512401121591,0.0,1.0,91.04986439412072,Declining,Europe
102,Mink,Savanna,191.10491817350223,174.80949496728678,49.45328999493431,1.0,0.0,26.21991722598339,Declining,North America
103,Polecat,Savanna,94.64961633235984,37.16568267014682,20.627379511361458,,0.0,29.075172183721683,Declining,North America
104,Ferret,Forest,152.81692200382847,116.63758288723572,45.649758326845415,,,47.60429182100893,nan,Asia
105,Sable,Savanna,272.31615894086485,86.90868662770038,42.25645450214785,1.0,1.0,60.72014329696745,Increasing,Europe
106,Marten,Savanna,75.16302263008805,80.75699657993424,,,,76.09929872598403,nan,Europe
107,Fisher,Forest,123.4096854491711,292.17306087820924,64.96899048329381,,1.0,47.425068550523825,Stable,nan
108,Genet,Savanna,,123.99834015336052,8.349184938116274,0.0,0.0,58.19149235531201,nan,North America
109,Civet,Savanna,69.02505056474092,268.69350100136285,39.96281100414124,,0.0,90.959157885382,Stable,Europe
110,Lemur,Forest,23.5554829937235,193.03020153920625,64.0825519085667,1.0,0.0,9.218568332418759,nan,Asia
111,Tiger,Savanna,87.28056014767353,240.49527802707803,52.30108082368842,0.0,0.0,34.030248599562384,Increasing,Asia
112,Monkey,Savanna,,155.7647570005057,86.22302475407893,0.0,,87.03520237672353,Stable,Europe
113,Elephant,Forest,278.94444687660064,177.30212654164413,,1.0,1.0,107.94878633402793,Declining,North America
114,Leo,Savanna,242.53205367954288,152.83013120747054,19.64170499981725,1.0,1.0,63.8429058433016,Declining,Asia
115,Tiger,Savanna,190.20442507487184,66.6204664614329,10.774599750441265,0.0,,66.19305080551129,nan,nan
116,Elephant,Forest,261.50244676122145,219.51111342583656,65.6722507078063,,1.0,17.324781304074246,Declining,Asia
110,Lemur,Forest,23.5554829937235,193.03020153920625,64.0825519085667,1.0,0.0,9.218568332418759,nan,Asia
117,Giraffe,Savanna,241.19978703128479,91.42398510784818,6.545085811995694,0.0,0.0,56.452422184697284,Stable,Africa
118,Zebra,Savanna,56.37773263636773,17.051630265121613,60.23445580225248,1.0,1.0,66.25098564232766,Declining,Africa
119,Lion,Forest,267.82142004774835,197.18696581307867,94.26210317679593,0.0,0.0,32.884107917993916,Increasing,North America
120,Monkey,Savanna,162.0330014537374,,59.24552107608438,1.0,,35.96297155917881,Increasing,Europe
45,Tiger,Savanna,260.0,90.0,15.0,True,True,100.0,Declining,Asia
78,Monkey,Forest,7.0,50.0,40.0,True,False,40.0,Stable,Asia
24,Frog,Savanna,110.22537206646066,97.25470984686321,53.75964662691872,1.0,,31.293922632898212,nan,North America
92,Elephant,Savanna,6000.0,300.0,60.0,False,False,40.0,Stable,Africa
